{"SubTexture":[{"width":220,"y":1,"height":240,"name":"10001","x":1},{"frameHeight":240,"y":243,"frameWidth":220,"frameX":-4,"width":213,"frameY":-5,"height":228,"name":"10003","x":1},{"frameHeight":240,"y":1,"frameWidth":220,"frameX":-4,"width":213,"frameY":-6,"height":227,"name":"10002","x":223},{"frameHeight":240,"y":243,"frameWidth":220,"frameX":-4,"width":213,"frameY":-5,"height":228,"name":"10004","x":216},{"frameHeight":240,"y":230,"frameWidth":220,"frameX":-4,"width":213,"frameY":-19,"height":214,"name":"10005","x":431},{"frameHeight":240,"y":1,"frameWidth":220,"frameX":-4,"width":213,"frameY":-34,"height":199,"name":"10006","x":438},{"frameHeight":25,"y":230,"frameWidth":49,"frameX":-3,"width":43,"frameY":-15,"height":8,"name":"20002","x":272},{"frameHeight":25,"y":230,"frameWidth":49,"frameX":-1,"width":47,"frameY":-9,"height":8,"name":"20004","x":223},{"frameHeight":25,"y":230,"frameWidth":49,"frameX":-1,"width":47,"frameY":-12,"height":5,"name":"20003","x":317},{"frameHeight":25,"y":202,"frameWidth":49,"frameX":-1,"width":47,"frameY":-4,"height":18,"name":"20005","x":483},{"frameHeight":25,"y":202,"frameWidth":49,"frameX":-3,"width":43,"frameY":-2,"height":22,"name":"20001","x":438}],"width":653,"imagePath":"B-1_tex.png","name":"B-1","height":473}