{"SubTexture":[{"frameHeight":250,"y":1,"frameWidth":200,"frameX":-1,"width":197,"frameY":-21,"height":228,"name":"10003","x":713},{"frameHeight":250,"y":306,"frameWidth":200,"frameX":-1,"width":197,"frameY":-13,"height":236,"name":"10002","x":549},{"frameHeight":250,"y":306,"frameWidth":200,"frameX":-1,"width":197,"frameY":-4,"height":245,"name":"10001","x":350},{"frameHeight":37,"y":553,"frameWidth":87,"frameX":-1,"width":86,"frameY":0,"height":37,"name":"20004","x":438},{"frameHeight":37,"y":553,"frameWidth":87,"frameX":-1,"width":86,"frameY":0,"height":37,"name":"20003","x":350},{"frameHeight":37,"y":553,"frameWidth":87,"frameX":-1,"width":86,"frameY":0,"height":37,"name":"20001","x":526},{"frameHeight":37,"y":231,"frameWidth":87,"frameX":-1,"width":86,"frameY":0,"height":37,"name":"20002","x":713},{"frameHeight":400,"y":1,"frameWidth":400,"frameX":-25,"width":358,"frameY":-61,"height":301,"name":"10005","x":1},{"frameHeight":400,"y":304,"frameWidth":400,"frameX":-33,"width":347,"frameY":-59,"height":300,"name":"10006","x":1},{"frameHeight":400,"y":544,"frameWidth":400,"frameX":-101,"width":194,"frameY":-132,"height":203,"name":"100011","x":629},{"frameHeight":400,"y":1,"frameWidth":400,"frameX":-26,"width":350,"frameY":-60,"height":303,"name":"10004","x":361},{"frameHeight":400,"y":606,"frameWidth":400,"frameX":-57,"width":293,"frameY":-93,"height":245,"name":"100021","x":334},{"frameHeight":400,"y":606,"frameWidth":400,"frameX":-29,"width":331,"frameY":-68,"height":284,"name":"100031","x":1},{"frameHeight":400,"y":853,"frameWidth":400,"frameX":-35,"width":344,"frameY":-58,"height":160,"name":"10007","x":350}],"width":912,"imagePath":"B-2_tex.png","name":"B-2","height":1015}