{"frameRate":24,"name":"B-2","version":"5.5","compatibleVersion":"5.5","armature":[{"type":"Armature","frameRate":24,"name":"B-2","aabb":{"x":-204.77,"y":-331.03,"width":400,"height":400},"bone":[{"name":"root"},{"name":"10007","parent":"root","transform":{"x":-1.292,"y":-119.9761}},{"length":97,"name":"10001","parent":"root","transform":{"x":-2,"y":-23,"skX":-89.4093,"skY":-89.4093}},{"name":"20001","parent":"10001","transform":{"x":106.0313,"y":-2.1897,"skX":89.4093,"skY":89.4093}}],"slot":[{"name":"10001","parent":"10001"},{"name":"20001","parent":"20001"},{"displayIndex":1,"name":"10007","parent":"10007"}],"skin":[{"slot":[{"name":"10001","display":[{"name":"10001","transform":{"x":102.51,"y":0.44,"skX":89.41,"skY":89.41}},{"name":"10002","transform":{"x":102.51,"y":0.44,"skX":89.41,"skY":89.41}},{"name":"10003","transform":{"x":102.51,"y":0.44,"skX":89.41,"skY":89.41}}]},{"name":"20001","display":[{"name":"20001","transform":{"x":1,"y":-1}},{"name":"20002","transform":{"x":1,"y":-1}},{"name":"20003","transform":{"x":1,"y":-1}},{"name":"20004","transform":{"x":1,"y":-1}}]},{"name":"10007","display":[{"name":"10007","transform":{"x":-3.48,"y":-11.05}},{"name":"100011","transform":{"x":-3.48,"y":-11.05}},{"name":"100021","transform":{"x":-3.48,"y":-11.05}},{"name":"10006","transform":{"x":-3.48,"y":-11.05}},{"name":"10005","transform":{"x":-3.48,"y":-11.05}},{"name":"10004","transform":{"x":-3.48,"y":-11.05}},{"name":"100031","transform":{"x":-3.48,"y":-11.05}}]}]}],"animation":[{"duration":30,"playTimes":0,"name":"idle","bone":[{"name":"10001","rotateFrame":[{"duration":8,"tweenEasing":0},{"duration":7,"tweenEasing":0,"rotate":0.84},{"duration":15,"tweenEasing":0,"rotate":1.57},{"duration":0}],"scaleFrame":[{"duration":8,"tweenEasing":0},{"duration":2,"tweenEasing":0,"x":1.03,"y":1.03},{"duration":5,"tweenEasing":0,"x":1.04,"y":1.04},{"duration":15,"tweenEasing":0,"x":1.06,"y":1.06},{"duration":0}]},{"name":"20001","scaleFrame":[{"duration":9,"tweenEasing":0},{"duration":6,"tweenEasing":0},{"duration":15,"tweenEasing":0,"x":1.11,"y":1.11},{"duration":0}]}],"slot":[{"name":"20001","displayFrame":[{"duration":7},{"duration":2,"value":2},{"duration":2,"value":3},{"duration":2,"value":2},{"duration":17}]},{"name":"10007","colorFrame":[{"duration":30,"value":{"aM":0}}]}]},{"duration":19,"playTimes":0,"name":"dead","bone":[{"name":"10001","translateFrame":[{"duration":2,"tweenEasing":0},{"duration":2,"tweenEasing":0},{"duration":15,"y":1.3}],"rotateFrame":[{"duration":2,"tweenEasing":0},{"duration":2,"tweenEasing":0,"rotate":-1.82},{"duration":15,"rotate":-3.64}]},{"name":"20001","translateFrame":[{"duration":2},{"duration":2,"tweenEasing":0,"x":-11.7,"y":-0.25},{"duration":15,"x":-18.19,"y":-0.6}]}],"slot":[{"name":"10001","displayFrame":[{"duration":2},{"duration":2,"value":1},{"duration":15,"value":2}],"colorFrame":[{"duration":4},{"duration":2,"tweenEasing":0,"value":{"aM":42}},{"duration":13,"value":{"aM":0}}]},{"name":"20001","displayFrame":[{"duration":2},{"duration":2,"value":2},{"duration":15,"value":3}],"colorFrame":[{"duration":4,"tweenEasing":0},{"duration":15,"value":{"aM":0}}]},{"name":"10007","displayFrame":[{"duration":6,"value":1},{"duration":2,"value":2},{"duration":2,"value":6},{"duration":2,"value":5},{"duration":2,"value":4},{"duration":5}],"colorFrame":[{"duration":2,"tweenEasing":0,"value":{"aM":0}},{"duration":2,"tweenEasing":0,"value":{"aM":0}},{"duration":15,"tweenEasing":0},{"duration":0,"value":{"aM":0}}]}]},{"duration":28,"playTimes":0,"name":"run","bone":[{"name":"10001","translateFrame":[{"duration":4,"tweenEasing":0},{"duration":4,"tweenEasing":0,"y":12.22},{"duration":4,"tweenEasing":0,"y":-12.22},{"duration":4,"tweenEasing":0,"y":12.22},{"duration":4,"tweenEasing":0,"y":-12.22},{"duration":4,"tweenEasing":0,"y":12.22},{"duration":4,"tweenEasing":0,"y":-12.22},{"duration":0,"y":12.22}],"scaleFrame":[{"duration":4,"tweenEasing":0},{"duration":4,"tweenEasing":0,"x":0.94,"y":0.94},{"duration":4,"tweenEasing":0,"x":1.08,"y":1.08},{"duration":4,"tweenEasing":0,"x":0.94,"y":0.94},{"duration":4,"tweenEasing":0,"x":1.08,"y":1.08},{"duration":4,"tweenEasing":0,"x":0.94,"y":0.94},{"duration":4,"tweenEasing":0,"x":1.08,"y":1.08},{"duration":0,"x":0.94,"y":0.94}]},{"name":"20001","translateFrame":[{"duration":3,"tweenEasing":0},{"tweenEasing":0},{"duration":4,"tweenEasing":0,"x":-9.39,"y":0.1},{"duration":4,"tweenEasing":0,"x":1.39,"y":-0.01},{"duration":4,"tweenEasing":0,"x":-9.39,"y":0.1},{"duration":4,"tweenEasing":0,"x":1.39,"y":-0.01},{"duration":4,"tweenEasing":0,"x":-9.39,"y":0.1},{"duration":4,"tweenEasing":0,"x":1.39,"y":-0.01},{"duration":0,"x":-9.39,"y":0.1}]}],"slot":[{"name":"10001","displayFrame":[{"duration":4},{"duration":4,"value":1},{"duration":4},{"duration":4,"value":1},{"duration":4},{"duration":4,"value":1},{"duration":4},{"duration":0,"value":1}]},{"name":"20001","displayFrame":[{"duration":2},{"duration":2,"value":2},{"duration":24,"value":1}]},{"name":"10007","colorFrame":[{"duration":28,"value":{"aM":0}}]}]}],"defaultActions":[{"gotoAndPlay":"idle"}]}]}