{"frameRate":24,"name":"B-4","version":"5.5","compatibleVersion":"5.5","armature":[{"type":"Armature","frameRate":24,"name":"B-4","aabb":{"x":-194.03,"y":-314.07,"width":400,"height":400},"bone":[{"name":"root"},{"name":"100011","parent":"root","transform":{"x":-7.3645,"y":-150.0954}},{"length":79,"name":"10001","parent":"root","transform":{"x":-2.5717,"y":-32.2284,"skX":-88.1732,"skY":-88.1732}},{"name":"20001","parent":"10001","transform":{"x":42.7349,"y":4.0021,"skX":88.1732,"skY":88.1732}}],"slot":[{"name":"10001","parent":"10001"},{"displayIndex":2,"name":"20001","parent":"20001"},{"name":"100011","parent":"100011"}],"skin":[{"slot":[{"name":"10001","display":[{"name":"10001","transform":{"x":74.56,"y":5.43,"skX":88.17,"skY":88.17}},{"name":"10003","transform":{"x":74.56,"y":5.43,"skX":88.17,"skY":88.17}},{"name":"10005","transform":{"x":74.56,"y":5.43,"skX":88.17,"skY":88.17}},{"name":"10007","transform":{"x":74.56,"y":5.43,"skX":88.17,"skY":88.17}},{"name":"10006","transform":{"x":74.56,"y":5.43,"skX":88.17,"skY":88.17}},{"name":"10004","transform":{"x":74.56,"y":5.43,"skX":88.17,"skY":88.17}},{"name":"10002","transform":{"x":74.56,"y":5.43,"skX":88.17,"skY":88.17}}]},{"name":"100011","display":[{"name":"100011","transform":{"x":13.33,"y":36.03}},{"name":"100021","transform":{"x":13.33,"y":36.03}},{"name":"100031","transform":{"x":13.33,"y":36.03}},{"name":"100041","transform":{"x":13.33,"y":36.03,"skX":0.09,"skY":0.09}},{"name":"100051","transform":{"x":13.33,"y":36.03}},{"name":"100061","transform":{"x":13.33,"y":36.03}},{"name":"100071","transform":{"x":13.33,"y":36.03}}]},{"name":"20001","display":[{"name":"20001","transform":{"x":0.55,"y":0.2}},{"name":"20002","transform":{"x":0.55,"y":0.2}},{"name":"20003","transform":{"x":0.55,"y":0.2}},{"name":"20004","transform":{"x":0.55,"y":0.2}}]}]}],"animation":[{"duration":30,"playTimes":0,"name":"idle","bone":[{"name":"10001","rotateFrame":[{"duration":15,"tweenEasing":0},{"duration":15,"tweenEasing":0,"rotate":-1.86},{"duration":0}],"scaleFrame":[{"duration":15,"tweenEasing":0},{"duration":15,"tweenEasing":0,"x":0.89,"y":0.89},{"duration":0}]}],"slot":[{"name":"10001","displayFrame":[{"duration":2},{"duration":2,"value":2},{"duration":2,"value":6},{"duration":2,"value":1},{"duration":2},{"duration":2,"value":2},{"duration":2,"value":6},{"duration":2,"value":1},{"duration":2},{"duration":2,"value":2},{"duration":2,"value":6},{"duration":2,"value":1},{"duration":2},{"duration":2,"value":2},{"duration":2,"value":6},{"duration":0,"value":1}]},{"name":"20001","displayFrame":[{"duration":12,"value":2},{"duration":2},{"duration":2,"value":1},{"duration":2},{"duration":12,"value":2}]},{"name":"100011","displayFrame":[{"duration":30,"value":6}],"colorFrame":[{"duration":30,"value":{"aM":0}}]}]},{"duration":12,"playTimes":0,"name":"run","bone":[{"name":"10001","translateFrame":[{"duration":3,"tweenEasing":0},{"duration":9,"y":4.8}]},{"name":"20001","translateFrame":[{"duration":3},{"duration":6,"tweenEasing":0,"x":-4.28,"y":-0.29},{"duration":3,"tweenEasing":0,"x":-4.28,"y":-0.29},{"duration":0,"x":-0.92,"y":-0.4}]}],"slot":[{"name":"10001","displayFrame":[{"duration":3},{"duration":3,"value":4},{"duration":3,"value":3},{"duration":3,"value":4},{"duration":0,"value":5}]},{"name":"20001","displayFrame":[{"duration":3,"value":2},{"duration":9}],"colorFrame":[{"duration":5,"tweenEasing":0},{"duration":5,"tweenEasing":0,"value":{"aM":0}},{"duration":2,"tweenEasing":0,"value":{"aM":0}},{"duration":0}]},{"name":"100011","displayFrame":[{"duration":12,"value":6}],"colorFrame":[{"duration":12,"value":{"aM":0}}]}]},{"duration":15,"playTimes":0,"name":"dead","bone":[{"name":"10001","rotateFrame":[{"tweenEasing":0},{"duration":2,"tweenEasing":0,"rotate":5.76},{"duration":12,"rotate":-5.67}]}],"slot":[{"name":"10001","colorFrame":[{"duration":3},{"duration":12,"value":{"aM":0}}]},{"name":"20001","displayFrame":[{"value":2},{},{"value":1},{"duration":12,"value":3}],"colorFrame":[{"duration":3},{"duration":12,"value":{"aM":0}}]},{"name":"100011","displayFrame":[{"duration":3,"value":6},{"duration":2},{"duration":2,"value":1},{"duration":2,"value":2},{"duration":2,"value":3},{"duration":2,"value":4},{"duration":2,"value":5},{"duration":0,"value":6}],"colorFrame":[{"duration":2,"tweenEasing":0,"value":{"aM":0}},{"tweenEasing":0,"value":{"aM":0}},{"duration":12}]}]}],"defaultActions":[{"gotoAndPlay":"idle"}]}]}