{"SubTexture":[{"frameHeight":210,"y":553,"frameWidth":200,"frameX":-3,"width":193,"frameY":-2,"height":206,"name":"10001","x":696},{"frameHeight":210,"y":761,"frameWidth":200,"frameX":-3,"width":193,"frameY":-28,"height":180,"name":"10007","x":782},{"frameHeight":210,"y":754,"frameWidth":200,"frameX":-3,"width":193,"frameY":-2,"height":206,"name":"10002","x":196},{"frameHeight":210,"y":606,"frameWidth":200,"frameX":-3,"width":193,"frameY":-2,"height":206,"name":"10003","x":1},{"frameHeight":210,"y":761,"frameWidth":200,"frameX":-3,"width":193,"frameY":-14,"height":194,"name":"10006","x":587},{"frameHeight":210,"y":814,"frameWidth":200,"frameX":-3,"width":193,"frameY":-2,"height":206,"name":"10005","x":1},{"frameHeight":210,"y":1,"frameWidth":200,"frameX":-3,"width":193,"frameY":-2,"height":206,"name":"10004","x":713},{"frameHeight":30,"y":628,"frameWidth":50,"frameX":-4,"width":43,"frameY":-7,"height":17,"name":"20001","x":196},{"frameHeight":30,"y":606,"frameWidth":50,"frameX":-6,"width":39,"frameY":-5,"height":20,"name":"20004","x":196},{"frameHeight":30,"y":606,"frameWidth":50,"frameX":-6,"width":39,"frameY":-5,"height":20,"name":"20003","x":278},{"frameHeight":30,"y":606,"frameWidth":50,"frameX":-6,"width":39,"frameY":-5,"height":20,"name":"20002","x":237},{"frameHeight":400,"y":1,"frameWidth":400,"frameX":-25,"width":358,"frameY":-61,"height":301,"name":"100051","x":1},{"frameHeight":400,"y":754,"frameWidth":400,"frameX":-101,"width":194,"frameY":-132,"height":203,"name":"100011","x":391},{"frameHeight":400,"y":592,"frameWidth":400,"frameX":-35,"width":344,"frameY":-58,"height":160,"name":"100071","x":350},{"frameHeight":400,"y":304,"frameWidth":400,"frameX":-33,"width":347,"frameY":-59,"height":300,"name":"100061","x":1},{"frameHeight":400,"y":306,"frameWidth":400,"frameX":-57,"width":293,"frameY":-93,"height":245,"name":"100021","x":683},{"frameHeight":400,"y":1,"frameWidth":400,"frameX":-26,"width":350,"frameY":-60,"height":303,"name":"100041","x":361},{"frameHeight":400,"y":306,"frameWidth":400,"frameX":-29,"width":331,"frameY":-68,"height":284,"name":"100031","x":350}],"width":978,"imagePath":"B-4by_tex.png","name":"B-4by","height":1022}