{"SubTexture":[{"frameHeight":220,"y":1,"frameWidth":185,"frameX":-2,"width":182,"frameY":-2,"height":216,"name":"10003","x":713},{"frameHeight":220,"y":511,"frameWidth":185,"frameX":-2,"width":182,"frameY":-2,"height":215,"name":"10002","x":629},{"width":185,"y":306,"height":220,"name":"10001","x":350},{"width":28,"y":511,"height":28,"name":"8","x":567},{"width":28,"y":511,"height":28,"name":"7","x":537},{"width":28,"y":528,"height":28,"name":"6","x":350},{"width":28,"y":511,"height":28,"name":"5","x":597},{"width":22,"y":528,"height":29,"name":"4","x":380},{"width":21,"y":528,"height":21,"name":"3","x":404},{"width":21,"y":581,"height":21,"name":"9","x":350},{"width":21,"y":558,"height":21,"name":"2","x":350},{"frameHeight":400,"y":606,"frameWidth":400,"frameX":-57,"width":293,"frameY":-93,"height":245,"name":"100021","x":334},{"frameHeight":400,"y":1,"frameWidth":400,"frameX":-26,"width":350,"frameY":-60,"height":303,"name":"10004","x":361},{"frameHeight":400,"y":606,"frameWidth":400,"frameX":-29,"width":331,"frameY":-68,"height":284,"name":"100031","x":1},{"frameHeight":400,"y":1,"frameWidth":400,"frameX":-25,"width":358,"frameY":-61,"height":301,"name":"10005","x":1},{"frameHeight":400,"y":304,"frameWidth":400,"frameX":-33,"width":347,"frameY":-59,"height":300,"name":"10006","x":1},{"frameHeight":400,"y":306,"frameWidth":400,"frameX":-101,"width":194,"frameY":-132,"height":203,"name":"100011","x":537},{"frameHeight":400,"y":853,"frameWidth":400,"frameX":-35,"width":344,"frameY":-58,"height":160,"name":"10007","x":350}],"width":897,"imagePath":"B-5by_tex.png","name":"B-5by","height":1015}