{"SubTexture":[{"width":200,"y":1,"height":230,"name":"1","x":263},{"frameHeight":60,"y":233,"frameWidth":115,"frameX":-1,"width":112,"frameY":-2,"height":57,"name":"30001","x":115},{"frameHeight":60,"y":233,"frameWidth":115,"frameX":-1,"width":112,"frameY":-2,"height":57,"name":"30002","x":1},{"frameHeight":75,"y":292,"frameWidth":85,"frameX":-1,"width":83,"frameY":-1,"height":74,"name":"20001","x":1},{"frameHeight":75,"y":233,"frameWidth":85,"frameX":-1,"width":83,"frameY":-1,"height":74,"name":"20002","x":229},{"frameHeight":30,"y":1,"frameWidth":12,"frameX":0,"width":12,"frameY":0,"height":29,"name":"4","x":465},{"width":260,"y":1,"height":230,"name":"5","x":1}],"width":479,"imagePath":"BDdabengxiong_tex.png","name":"BDdabengxiong","height":368}