{"SubTexture":[{"width":200,"y":1,"height":230,"name":"1","x":1},{"frameHeight":60,"y":1,"frameWidth":115,"frameX":-2,"width":111,"frameY":-1,"height":58,"name":"30001","x":316},{"frameHeight":60,"y":1,"frameWidth":115,"frameX":-2,"width":111,"frameY":-1,"height":58,"name":"30002","x":203},{"frameHeight":75,"y":136,"frameWidth":85,"frameX":-1,"width":83,"frameY":-1,"height":73,"name":"20001","x":203},{"frameHeight":75,"y":61,"frameWidth":85,"frameX":-1,"width":83,"frameY":-1,"height":73,"name":"20002","x":203},{"frameHeight":30,"y":211,"frameWidth":12,"frameX":0,"width":12,"frameY":0,"height":29,"name":"4","x":203}],"width":429,"imagePath":"dabengxiong_tex.png","name":"dabengxiong","height":242}