{"SubTexture":[{"width":135,"y":1,"height":200,"name":"1","x":1},{"width":22,"y":233,"height":19,"name":"3","x":1},{"frameHeight":29,"y":203,"frameWidth":57,"frameX":0,"width":57,"frameY":0,"height":28,"name":"20002","x":1},{"frameHeight":29,"y":203,"frameWidth":57,"frameX":0,"width":57,"frameY":0,"height":28,"name":"20001","x":119},{"frameHeight":29,"y":1,"frameWidth":57,"frameX":0,"width":57,"frameY":0,"height":28,"name":"20003","x":178},{"frameHeight":29,"y":203,"frameWidth":57,"frameX":0,"width":57,"frameY":0,"height":28,"name":"20004","x":60}],"width":237,"imagePath":"dandanshe_tex.png","name":"dandanshe","height":254}