{"SubTexture":[{"width":135,"y":1,"height":200,"name":"1","x":1},{"width":22,"y":233,"height":19,"name":"3","x":1},{"frameHeight":29,"y":203,"frameWidth":57,"frameX":0,"width":57,"frameY":0,"height":28,"name":"20003","x":119},{"frameHeight":29,"y":1,"frameWidth":57,"frameX":0,"width":57,"frameY":0,"height":28,"name":"20004","x":178},{"frameHeight":29,"y":203,"frameWidth":57,"frameX":0,"width":57,"frameY":0,"height":28,"name":"20001","x":60},{"frameHeight":29,"y":203,"frameWidth":57,"frameX":0,"width":57,"frameY":0,"height":28,"name":"20002","x":1},{"frameHeight":50,"y":1,"frameWidth":33,"frameX":0,"width":33,"frameY":-1,"height":48,"name":"40004","x":138}],"width":237,"imagePath":"dujiaoshe_tex.png","name":"dujiaoshe","height":254}