{"SubTexture":[{"width":270,"y":1,"height":260,"name":"1","x":1},{"width":175,"y":1,"height":120,"name":"20004","x":273},{"frameHeight":120,"y":123,"frameWidth":175,"frameX":-6,"width":160,"frameY":0,"height":119,"name":"20001","x":273},{"frameHeight":120,"y":453,"frameWidth":175,"frameX":-1,"width":172,"frameY":-35,"height":22,"name":"20002","x":1},{"frameHeight":120,"y":244,"frameWidth":175,"frameX":-6,"width":160,"frameY":-24,"height":65,"name":"20003","x":273},{"width":93,"y":263,"height":93,"name":"30002","x":96},{"width":93,"y":263,"height":93,"name":"30001","x":1},{"width":93,"y":358,"height":93,"name":"30004","x":1},{"width":93,"y":311,"height":93,"name":"30007","x":286},{"width":93,"y":311,"height":93,"name":"30003","x":191},{"width":93,"y":406,"height":93,"name":"30006","x":191},{"width":93,"y":358,"height":93,"name":"30005","x":96}],"width":450,"imagePath":"duyandawang_tex.png","name":"duyandawang","height":501}