{"SubTexture":[{"frameHeight":205,"y":208,"frameWidth":200,"frameX":-3,"width":195,"frameY":-2,"height":202,"name":"10005","x":198},{"frameHeight":205,"y":205,"frameWidth":200,"frameX":-2,"width":195,"frameY":-2,"height":202,"name":"10003","x":395},{"frameHeight":205,"y":1,"frameWidth":200,"frameX":-2,"width":195,"frameY":-2,"height":202,"name":"10002","x":203},{"frameHeight":205,"y":208,"frameWidth":200,"frameX":-2,"width":195,"frameY":-2,"height":202,"name":"10004","x":1},{"width":200,"y":1,"height":205,"name":"10001","x":1},{"frameHeight":24,"y":438,"frameWidth":23,"frameX":-3,"width":17,"frameY":-3,"height":18,"name":"30002","x":1},{"width":23,"y":412,"height":24,"name":"30001","x":1},{"frameHeight":35,"y":409,"frameWidth":90,"frameX":-1,"width":88,"frameY":0,"height":35,"name":"2","x":400}],"width":592,"imagePath":"eyuguai_tex.png","name":"eyuguai","height":458}