{"SubTexture":[{"frameHeight":205,"y":206,"frameWidth":200,"frameX":-3,"width":195,"frameY":-1,"height":203,"name":"10002","x":395},{"frameHeight":205,"y":208,"frameWidth":200,"frameX":-3,"width":195,"frameY":-1,"height":204,"name":"10005","x":1},{"width":200,"y":1,"height":205,"name":"10001","x":1},{"frameHeight":205,"y":208,"frameWidth":200,"frameX":-3,"width":195,"frameY":-1,"height":204,"name":"10004","x":198},{"frameHeight":205,"y":1,"frameWidth":200,"frameX":-3,"width":195,"frameY":-1,"height":203,"name":"10003","x":203},{"frameHeight":24,"y":440,"frameWidth":23,"frameX":-3,"width":17,"frameY":-3,"height":18,"name":"30002","x":1},{"width":23,"y":414,"height":24,"name":"30001","x":1},{"width":90,"y":411,"height":35,"name":"2","x":400}],"width":592,"imagePath":"eyuguaiBY_tex.png","name":"eyuguaiBY","height":460}