{"SubTexture":[{"frameHeight":280,"y":1,"frameWidth":200,"frameX":-2,"width":196,"frameY":-5,"height":271,"name":"10002","x":599},{"width":200,"y":1,"height":280,"name":"10001","x":1},{"frameHeight":280,"y":1,"frameWidth":200,"frameX":-2,"width":196,"frameY":-5,"height":271,"name":"10004","x":401},{"frameHeight":280,"y":1,"frameWidth":200,"frameX":-2,"width":196,"frameY":-5,"height":271,"name":"10003","x":203},{"frameHeight":27,"y":1,"frameWidth":19,"frameX":0,"width":19,"frameY":0,"height":26,"name":"2","x":797}],"width":818,"imagePath":"eyulaoban_tex.png","name":"eyulaoban","height":283}