{"SubTexture":[{"width":240,"y":1,"height":190,"name":"1","x":1},{"frameHeight":150,"y":193,"frameWidth":93,"frameX":-1,"width":91,"frameY":-1,"height":148,"name":"2","x":1},{"frameHeight":48,"y":343,"frameWidth":55,"frameX":-1,"width":53,"frameY":-6,"height":41,"name":"30002","x":1},{"frameHeight":48,"y":386,"frameWidth":55,"frameX":-2,"width":52,"frameY":-33,"height":14,"name":"30004","x":48},{"frameHeight":48,"y":433,"frameWidth":55,"frameX":-1,"width":53,"frameY":-22,"height":25,"name":"30003","x":1},{"frameHeight":48,"y":386,"frameWidth":55,"frameX":-5,"width":45,"frameY":-2,"height":45,"name":"30001","x":1}],"width":243,"imagePath":"hudiewang_tex.png","name":"hudiewang","height":460}