{"SubTexture":[{"width":150,"y":306,"height":190,"name":"10001","x":546},{"frameHeight":190,"y":498,"frameWidth":150,"frameX":-5,"width":138,"frameY":-3,"height":185,"name":"10002","x":629},{"frameHeight":190,"y":306,"frameWidth":150,"frameX":-5,"width":138,"frameY":-3,"height":185,"name":"10003","x":698},{"width":1,"y":493,"height":1,"name":"10005","x":713},{"width":1,"y":493,"height":1,"name":"10004","x":710},{"width":1,"y":493,"height":1,"name":"20002","x":698},{"width":1,"y":493,"height":1,"name":"20008","x":722},{"width":1,"y":493,"height":1,"name":"20003","x":701},{"width":1,"y":493,"height":1,"name":"20009","x":725},{"width":1,"y":493,"height":1,"name":"20004","x":704},{"width":1,"y":493,"height":1,"name":"20005","x":707},{"width":1,"y":493,"height":1,"name":"20011","x":731},{"width":1,"y":493,"height":1,"name":"20006","x":716},{"width":1,"y":493,"height":1,"name":"20010","x":728},{"width":1,"y":493,"height":1,"name":"20007","x":719},{"frameHeight":400,"y":1,"frameWidth":400,"frameX":-26,"width":350,"frameY":-60,"height":303,"name":"100041","x":361},{"frameHeight":400,"y":1,"frameWidth":400,"frameX":-25,"width":358,"frameY":-61,"height":301,"name":"100051","x":1},{"frameHeight":400,"y":304,"frameWidth":400,"frameX":-33,"width":347,"frameY":-59,"height":300,"name":"10006","x":1},{"frameHeight":400,"y":306,"frameWidth":400,"frameX":-101,"width":194,"frameY":-132,"height":203,"name":"100011","x":350},{"frameHeight":400,"y":853,"frameWidth":400,"frameX":-35,"width":344,"frameY":-58,"height":160,"name":"10007","x":350},{"frameHeight":400,"y":606,"frameWidth":400,"frameX":-57,"width":293,"frameY":-93,"height":245,"name":"100021","x":334},{"frameHeight":400,"y":606,"frameWidth":400,"frameX":-29,"width":331,"frameY":-68,"height":284,"name":"100031","x":1}],"width":838,"imagePath":"huoxingguaiBY_tex.png","name":"huoxingguaiBY","height":1015}