{"SubTexture":[{"frameHeight":270,"y":1,"frameWidth":240,"frameX":-9,"width":223,"frameY":-4,"height":258,"name":"10006","x":243},{"width":240,"y":1,"height":270,"name":"10001","x":1},{"frameHeight":270,"y":255,"frameWidth":240,"frameX":-30,"width":188,"frameY":-11,"height":252,"name":"10005","x":468},{"frameHeight":270,"y":1,"frameWidth":240,"frameX":-30,"width":188,"frameY":-11,"height":252,"name":"10003","x":658},{"frameHeight":270,"y":1,"frameWidth":240,"frameX":-30,"width":188,"frameY":-11,"height":252,"name":"10004","x":468},{"frameHeight":270,"y":255,"frameWidth":240,"frameX":-30,"width":188,"frameY":-11,"height":252,"name":"10002","x":658},{"frameHeight":50,"y":261,"frameWidth":50,"frameX":-2,"width":46,"frameY":-2,"height":47,"name":"2","x":243}],"width":848,"imagePath":"jiupingxiaochou_tex.png","name":"jiupingxiaochou","height":509}