{"frameRate":24,"name":"jiupingxiaochou","version":"5.5","compatibleVersion":"5.5","armature":[{"type":"Armature","frameRate":24,"name":"jiupingxiaochou","aabb":{"x":-120.56,"y":-260.15,"width":240,"height":270},"bone":[{"name":"root"},{"length":107,"name":"10001","parent":"root","transform":{"x":0.5236,"y":-1.7706,"skX":-90.6938,"skY":-90.6938}},{"length":96,"name":"100011","parent":"10001","transform":{"x":125.1417,"y":-0.2583,"skX":2.861,"skY":2.861}},{"name":"2","parent":"100011","transform":{"x":6.3086,"y":5.4674,"skX":-2.861,"skY":-2.861}}],"slot":[{"name":"10001","parent":"100011"},{"name":"2","parent":"2"}],"skin":[{"slot":[{"name":"2","display":[{"name":"2","transform":{"x":-1.89,"y":-2.56,"skX":90.69,"skY":90.69}}]},{"name":"10001","display":[{"type":"mesh","name":"10001","width":240,"height":270,"vertices":[-120.56,-260.15,119.44,-260.15,-120.56,9.85,119.44,9.85],"uvs":[0,0,1,0,0,1,1,1],"triangles":[1,0,3,0,2,3],"weights":[2,1,0.306962,2,0.693038,2,1,0.287736,2,0.712264,2,1,0.690018,2,0.309982,2,1,0.699712,2,0.300288],"slotPose":[1,0,0,1,0,0],"bonePose":[1,-0.012109,-0.999927,0.999927,-0.012109,0.523594,-1.77057,2,0.037816,-0.999285,0.999285,0.037816,-1.25,-126.9],"edges":[0,1,1,3,3,2,2,0],"userEdges":[]},{"name":"10002","transform":{"x":-1.72,"y":0.76,"skX":87.83,"skY":87.83}},{"name":"10003","transform":{"x":-1.72,"y":0.76,"skX":87.83,"skY":87.83}},{"name":"10004","transform":{"x":-1.72,"y":0.76,"skX":87.83,"skY":87.83}},{"name":"10005","transform":{"x":-1.72,"y":0.76,"skX":87.83,"skY":87.83}},{"name":"10006","transform":{"x":-1.72,"y":0.76,"skX":87.83,"skY":87.83}}]}]}],"animation":[{"duration":30,"playTimes":0,"name":"idle","bone":[{"name":"10001","rotateFrame":[{"duration":8,"tweenEasing":0},{"duration":8,"tweenEasing":0,"rotate":2.4},{"duration":8,"tweenEasing":0,"rotate":0.14},{"duration":6,"tweenEasing":0,"rotate":-2.53},{"duration":0}],"scaleFrame":[{"duration":8,"tweenEasing":0},{"duration":8,"tweenEasing":0,"x":1.09,"y":1.09},{"duration":8,"tweenEasing":0,"x":1.05,"y":1.05},{"duration":6,"tweenEasing":0,"x":1.02,"y":1.02},{"duration":0}]},{"name":"2","scaleFrame":[{"duration":8,"tweenEasing":0},{"duration":8,"tweenEasing":0,"x":1.3,"y":1.3},{"duration":8,"tweenEasing":0,"x":0.86,"y":0.86},{"duration":6,"tweenEasing":0,"x":1.23,"y":1.23},{"duration":0}]}],"slot":[{"name":"10001","displayFrame":[{"duration":6},{"duration":2,"value":1},{"duration":2,"value":3},{"duration":2,"value":1},{"duration":18}]}]},{"duration":40,"playTimes":0,"name":"run","bone":[{"name":"10001","translateFrame":[{"duration":4,"tweenEasing":0},{"duration":4,"tweenEasing":0,"x":1.6,"y":-3.2},{"duration":4,"tweenEasing":0,"x":3.55,"y":-75.7},{"duration":4,"tweenEasing":0,"x":1.6,"y":-3.2},{"duration":4,"tweenEasing":0,"x":3.55,"y":-75.7},{"duration":4,"tweenEasing":0,"x":1.6,"y":-3.2},{"duration":16}]},{"name":"2","translateFrame":[{"duration":4,"tweenEasing":0},{"duration":4,"tweenEasing":0},{"duration":4,"tweenEasing":0,"x":57.42,"y":-0.12},{"duration":4,"tweenEasing":0,"x":-19.22,"y":4.27},{"duration":4,"tweenEasing":0,"x":57.42,"y":-0.12},{"duration":4,"tweenEasing":0,"x":-19.22,"y":4.27},{"duration":16,"x":11.48,"y":2.49}]},{"name":"100011","translateFrame":[{"duration":4,"tweenEasing":0},{"duration":20,"tweenEasing":0,"x":-33.04,"y":-0.4},{"duration":16}]}],"slot":[{"name":"10001","displayFrame":[{"duration":26},{"duration":2,"value":1},{"duration":2,"value":3},{"duration":2,"value":1},{"duration":2,"value":2},{"duration":2,"value":4},{"duration":2,"value":2},{"duration":2,"value":4},{"duration":0}]}],"ffd":[{"name":"10001","slot":"10001","frame":[{"duration":4,"tweenEasing":0},{"duration":4,"tweenEasing":0,"offset":1,"vertices":[34.55,0,34.55]},{"duration":4,"tweenEasing":0,"offset":1,"vertices":[-77.1,0,-77.1]},{"duration":4,"tweenEasing":0,"offset":1,"vertices":[50.4,0,50.4]},{"duration":4,"tweenEasing":0,"offset":1,"vertices":[-93.3,0,-93.3]},{"duration":4,"tweenEasing":0,"offset":1,"vertices":[31.9,0,31.9]},{"duration":16}]}]},{"duration":35,"playTimes":0,"name":"dead","bone":[{"name":"10001","rotateFrame":[{"duration":3,"tweenEasing":0},{"duration":3,"tweenEasing":0,"rotate":-3.53},{"duration":3,"tweenEasing":0,"rotate":19.8},{"duration":2,"tweenEasing":0,"rotate":26.44},{"duration":2,"tweenEasing":0,"rotate":21.27},{"duration":2,"tweenEasing":0,"rotate":16.46},{"duration":2,"tweenEasing":0,"rotate":21.13},{"duration":2,"tweenEasing":0,"rotate":15.38},{"duration":2,"tweenEasing":0,"rotate":17.61},{"duration":2,"tweenEasing":0,"rotate":14.63},{"duration":2,"tweenEasing":0,"rotate":18.31},{"duration":2,"tweenEasing":0,"rotate":14.63},{"duration":2,"tweenEasing":0,"rotate":18.31},{"duration":2,"tweenEasing":0,"rotate":14.63},{"duration":2,"tweenEasing":0,"rotate":18.31},{"duration":2,"tweenEasing":0,"rotate":14.63},{"duration":0,"rotate":18.31}]},{"name":"100011","rotateFrame":[{"duration":3,"tweenEasing":0},{"duration":3,"tweenEasing":0,"rotate":-13.42},{"duration":29,"rotate":-3.34}]}],"slot":[{"name":"10001","displayFrame":[{"duration":2},{"duration":2,"value":1},{"duration":2,"value":3},{"duration":29,"value":5}]}]}],"defaultActions":[{"gotoAndPlay":"idle"}]}]}