{"SubTexture":[{"width":215,"y":1,"height":215,"name":"1","x":1},{"frameHeight":45,"y":113,"frameWidth":80,"frameX":-2,"width":76,"frameY":-1,"height":43,"name":"2","x":336},{"width":116,"y":113,"height":54,"name":"40003","x":218},{"width":116,"y":57,"height":54,"name":"40002","x":336},{"width":116,"y":57,"height":54,"name":"40001","x":218},{"width":116,"y":1,"height":54,"name":"40005","x":336},{"width":116,"y":1,"height":54,"name":"40004","x":218},{"frameHeight":25,"y":113,"frameWidth":20,"frameX":0,"width":20,"frameY":-1,"height":24,"name":"3","x":414}],"width":454,"imagePath":"kuangzhuren_tex.png","name":"kuangzhuren","height":218}