{"SubTexture":[{"width":175,"y":1,"height":195,"name":"1","x":1},{"frameHeight":95,"y":478,"frameWidth":118,"frameX":-1,"width":114,"frameY":-25,"height":28,"name":"30001","x":114},{"width":118,"y":198,"height":95,"name":"30003","x":1},{"frameHeight":95,"y":478,"frameWidth":118,"frameX":-3,"width":111,"frameY":-35,"height":31,"name":"30002","x":1},{"frameHeight":95,"y":391,"frameWidth":118,"frameX":-3,"width":111,"frameY":-10,"height":85,"name":"20003","x":1},{"frameHeight":95,"y":391,"frameWidth":118,"frameX":-3,"width":111,"frameY":-10,"height":85,"name":"20004","x":227},{"frameHeight":95,"y":295,"frameWidth":118,"frameX":0,"width":118,"frameY":-1,"height":94,"name":"20001","x":1},{"frameHeight":95,"y":391,"frameWidth":118,"frameX":-3,"width":111,"frameY":-10,"height":85,"name":"20002","x":114}],"width":340,"imagePath":"meiyazaiby_tex.png","name":"meiyazaiby","height":511}