{"SubTexture":[{"width":210,"y":1,"height":250,"name":"1","x":1},{"frameHeight":54,"y":1,"frameWidth":25,"frameX":0,"width":25,"frameY":-1,"height":53,"name":"3","x":486},{"frameHeight":50,"y":1,"frameWidth":105,"frameX":-2,"width":101,"frameY":-2,"height":46,"name":"2","x":213},{"frameHeight":49,"y":51,"frameWidth":84,"frameX":0,"width":84,"frameY":-1,"height":47,"name":"50004","x":298},{"frameHeight":49,"y":1,"frameWidth":84,"frameX":0,"width":83,"frameY":-1,"height":48,"name":"50001","x":316},{"frameHeight":49,"y":49,"frameWidth":84,"frameX":0,"width":83,"frameY":-1,"height":48,"name":"50002","x":213},{"frameHeight":49,"y":1,"frameWidth":84,"frameX":0,"width":83,"frameY":-1,"height":48,"name":"50003","x":401},{"frameHeight":28,"y":99,"frameWidth":25,"frameX":-1,"width":23,"frameY":-1,"height":26,"name":"6","x":213}],"width":513,"imagePath":"sdxuerenwang_tex.png","name":"sdxuerenwang","height":253}