{"SubTexture":[{"frameHeight":220,"y":1,"frameWidth":235,"frameX":-4,"width":227,"frameY":-3,"height":213,"name":"1","x":1},{"frameHeight":73,"y":143,"frameWidth":40,"frameX":-2,"width":36,"frameY":-1,"height":71,"name":"70001","x":320},{"frameHeight":73,"y":216,"frameWidth":40,"frameX":-1,"width":37,"frameY":-1,"height":71,"name":"70004","x":131},{"frameHeight":73,"y":143,"frameWidth":40,"frameX":-2,"width":36,"frameY":-1,"height":71,"name":"70003","x":282},{"frameHeight":73,"y":216,"frameWidth":40,"frameX":-2,"width":36,"frameY":-1,"height":71,"name":"70002","x":170},{"frameHeight":73,"y":74,"frameWidth":40,"frameX":-2,"width":37,"frameY":-1,"height":71,"name":"60002","x":474},{"frameHeight":73,"y":216,"frameWidth":40,"frameX":-2,"width":37,"frameY":-1,"height":71,"name":"60004","x":92},{"frameHeight":73,"y":1,"frameWidth":40,"frameX":-2,"width":37,"frameY":-1,"height":71,"name":"60001","x":474},{"frameHeight":73,"y":216,"frameWidth":40,"frameX":-2,"width":37,"frameY":-1,"height":71,"name":"60003","x":53},{"width":50,"y":143,"height":95,"name":"5","x":230},{"width":50,"y":216,"height":95,"name":"4","x":1},{"width":120,"y":1,"height":140,"name":"3","x":230},{"width":120,"y":1,"height":140,"name":"2","x":352}],"width":513,"imagePath":"shanpangxiewang_tex.png","name":"shanpangxiewang","height":313}