{"SubTexture":[{"width":55,"y":145,"height":110,"name":"5","x":200},{"width":55,"y":145,"height":110,"name":"4","x":143},{"frameHeight":160,"y":1,"frameWidth":270,"frameX":-7,"width":256,"frameY":-12,"height":142,"name":"1","x":1},{"frameHeight":110,"y":317,"frameWidth":70,"frameX":-6,"width":61,"frameY":-6,"height":98,"name":"70003","x":64},{"frameHeight":110,"y":317,"frameWidth":70,"frameX":-6,"width":61,"frameY":-6,"height":98,"name":"70002","x":1},{"frameHeight":110,"y":203,"frameWidth":70,"frameX":-6,"width":61,"frameY":-6,"height":98,"name":"70004","x":383},{"frameHeight":110,"y":257,"frameWidth":70,"frameX":-6,"width":61,"frameY":-6,"height":98,"name":"70001","x":143},{"frameHeight":110,"y":102,"frameWidth":70,"frameX":-3,"width":61,"frameY":-5,"height":99,"name":"60003","x":401},{"frameHeight":110,"y":173,"frameWidth":70,"frameX":-3,"width":61,"frameY":-5,"height":99,"name":"60004","x":257},{"frameHeight":110,"y":173,"frameWidth":70,"frameX":-3,"width":61,"frameY":-5,"height":98,"name":"60001","x":320},{"frameHeight":110,"y":1,"frameWidth":70,"frameX":-3,"width":61,"frameY":-5,"height":99,"name":"60002","x":401},{"width":140,"y":145,"height":170,"name":"3","x":1},{"width":140,"y":1,"height":170,"name":"2","x":259}],"width":464,"imagePath":"shanpangxie_tex.png","name":"shanpangxie","height":417}