{"SubTexture":[{"frameHeight":260,"y":254,"frameWidth":220,"frameX":-7,"width":212,"frameY":-4,"height":251,"name":"10003","x":223},{"frameHeight":260,"y":1,"frameWidth":220,"frameX":-7,"width":212,"frameY":-4,"height":251,"name":"10002","x":223},{"frameHeight":260,"y":263,"frameWidth":220,"frameX":-2,"width":216,"frameY":-12,"height":243,"name":"10004","x":1},{"width":220,"y":1,"height":260,"name":"10001","x":1}],"width":437,"imagePath":"shihuakonglongguai_tex.png","name":"shihuakonglongguai","height":508}