{"SubTexture":[{"width":170,"y":306,"height":250,"name":"10001","x":350},{"frameHeight":49,"y":943,"frameWidth":85,"frameX":0,"width":85,"frameY":-11,"height":34,"name":"60002","x":88},{"frameHeight":49,"y":892,"frameWidth":85,"frameX":-3,"width":81,"frameY":-9,"height":30,"name":"60001","x":174},{"width":85,"y":892,"height":49,"name":"30003","x":1},{"width":85,"y":943,"height":49,"name":"30002","x":1},{"frameHeight":49,"y":892,"frameWidth":85,"frameX":-1,"width":84,"frameY":0,"height":49,"name":"30001","x":88},{"frameHeight":400,"y":304,"frameWidth":400,"frameX":-33,"width":347,"frameY":-59,"height":300,"name":"10006","x":1},{"frameHeight":400,"y":606,"frameWidth":400,"frameX":-57,"width":293,"frameY":-93,"height":245,"name":"100021","x":334},{"frameHeight":400,"y":606,"frameWidth":400,"frameX":-29,"width":331,"frameY":-68,"height":284,"name":"100031","x":1},{"frameHeight":400,"y":1,"frameWidth":400,"frameX":-26,"width":350,"frameY":-60,"height":303,"name":"10004","x":361},{"frameHeight":400,"y":1,"frameWidth":400,"frameX":-25,"width":358,"frameY":-61,"height":301,"name":"10005","x":1},{"frameHeight":400,"y":853,"frameWidth":400,"frameX":-35,"width":344,"frameY":-58,"height":160,"name":"10007","x":350},{"frameHeight":400,"y":306,"frameWidth":400,"frameX":-101,"width":194,"frameY":-132,"height":203,"name":"100011","x":522}],"width":718,"imagePath":"shoumuren_tex.png","name":"shoumuren","height":1015}