{"SubTexture":[{"frameHeight":190,"y":193,"frameWidth":200,"frameX":-2,"width":194,"frameY":-6,"height":178,"name":"10003","x":1},{"frameHeight":190,"y":1,"frameWidth":200,"frameX":-2,"width":194,"frameY":-6,"height":178,"name":"10002","x":203},{"width":200,"y":1,"height":190,"name":"10001","x":1},{"frameHeight":190,"y":181,"frameWidth":200,"frameX":-2,"width":194,"frameY":-7,"height":178,"name":"10004","x":203},{"width":110,"y":361,"height":85,"name":"20001","x":197}],"width":399,"imagePath":"wenxiangwawang_tex.png","name":"wenxiangwawang","height":448}