{"SubTexture":[{"frameHeight":245,"y":248,"frameWidth":230,"frameX":-5,"width":220,"frameY":-18,"height":223,"name":"10004","x":445},{"frameHeight":245,"y":248,"frameWidth":230,"frameX":-5,"width":220,"frameY":-18,"height":223,"name":"10003","x":223},{"frameHeight":245,"y":248,"frameWidth":230,"frameX":-5,"width":220,"frameY":-3,"height":238,"name":"10006","x":1},{"frameHeight":245,"y":1,"frameWidth":230,"frameX":-5,"width":220,"frameY":-18,"height":223,"name":"10005","x":667},{"width":230,"y":1,"height":245,"name":"10001","x":1},{"frameHeight":245,"y":226,"frameWidth":230,"frameX":-5,"width":220,"frameY":-18,"height":223,"name":"10002","x":667}],"width":889,"imagePath":"xuegaowang_tex.png","name":"xuegaowang","height":488}