{"frameRate":24,"name":"xuegaowang","version":"5.5","compatibleVersion":"5.5","armature":[{"type":"Armature","frameRate":24,"name":"xuegaowang","aabb":{"x":-108,"y":-255,"width":230,"height":245},"bone":[{"name":"root"},{"length":111,"name":"10001","parent":"root","transform":{"y":-31,"skX":-89.4838,"skY":-89.4838}}],"slot":[{"name":"10001","parent":"10001"}],"skin":[{"slot":[{"name":"10001","display":[{"type":"mesh","name":"10001","width":230,"height":245,"vertices":[223.02,-110.01,225.09,119.98,-21.97,-107.81,-19.9,122.18],"uvs":[0,0,1,0,0,1,1,1],"triangles":[1,0,3,0,2,3],"edges":[0,1,1,3,3,2,2,0],"userEdges":[]},{"name":"10002","transform":{"x":101.56,"y":6.09,"skX":89.48,"skY":89.48}},{"name":"10003","transform":{"x":101.56,"y":6.09,"skX":89.48,"skY":89.48}},{"name":"10004","transform":{"x":101.56,"y":6.09,"skX":89.48,"skY":89.48}},{"name":"10005","transform":{"x":101.56,"y":6.09,"skX":89.48,"skY":89.48}},{"name":"10006","transform":{"x":101.56,"y":6.09,"skX":89.48,"skY":89.48}}]}]}],"animation":[{"duration":30,"playTimes":0,"name":"idle","bone":[{"name":"10001","rotateFrame":[{"duration":15,"tweenEasing":0},{"duration":15,"tweenEasing":0,"rotate":2.64},{"duration":0}],"scaleFrame":[{"duration":15,"tweenEasing":0},{"duration":15,"tweenEasing":0,"x":1.18,"y":1.18},{"duration":0}]}],"slot":[{"name":"10001","displayFrame":[{"duration":20},{"duration":2,"value":3},{"duration":2,"value":4},{"duration":2,"value":3},{"duration":4,"value":1}]}]},{"duration":23,"playTimes":0,"name":"dead","bone":[{"name":"10001","rotateFrame":[{"duration":2,"tweenEasing":0},{"duration":3,"tweenEasing":0,"rotate":-3.28},{"duration":2,"tweenEasing":0,"rotate":7.22},{"duration":2,"tweenEasing":0,"rotate":16.16},{"duration":2,"tweenEasing":0,"rotate":9.56},{"duration":2,"tweenEasing":0,"rotate":16.05},{"duration":2,"tweenEasing":0,"rotate":7.29},{"duration":2,"tweenEasing":0,"rotate":12.16},{"duration":2,"tweenEasing":0,"rotate":7.6},{"duration":2,"tweenEasing":0,"rotate":12.83},{"duration":2,"tweenEasing":0,"rotate":9.36},{"duration":0,"rotate":15.13}]}],"slot":[{"name":"10001","displayFrame":[{"value":1},{"duration":2,"value":3},{"duration":2,"value":4},{"duration":18,"value":5}]}]},{"duration":16,"playTimes":0,"name":"run","bone":[{"name":"10001","translateFrame":[{"duration":4,"tweenEasing":0,"y":-1.34},{"duration":2,"tweenEasing":0,"y":-41.54},{"duration":4,"tweenEasing":0,"y":17.42},{"duration":2,"tweenEasing":0,"y":-34.84},{"duration":4,"tweenEasing":0,"y":16.08},{"duration":0,"y":-45.56}],"rotateFrame":[{"duration":4,"tweenEasing":0},{"duration":12,"rotate":-1.63}]}],"slot":[{"name":"10001","displayFrame":[{"duration":2,"value":1},{"duration":2,"value":2},{"duration":12}]}],"ffd":[{"name":"10001","slot":"10001","frame":[{"duration":4},{"duration":2,"tweenEasing":0},{"duration":2,"tweenEasing":0,"vertices":[-42.99,-0.84,-42.99,-0.84]},{"duration":2,"tweenEasing":0,"vertices":[6.2,0.12,6.2,0.12]},{"duration":2,"tweenEasing":0,"vertices":[6.2,0.12,6.2,0.12]},{"duration":4,"tweenEasing":0,"vertices":[-73.89,-1.44,-73.89,-1.44]},{"duration":0,"vertices":[9.4,0.19,9.4,0.19]}]}]}],"defaultActions":[{"gotoAndPlay":"idle"}]}]}