{"SubTexture":[{"width":210,"y":1,"height":250,"name":"1","x":1},{"frameHeight":54,"y":51,"frameWidth":25,"frameX":0,"width":25,"frameY":-1,"height":53,"name":"3","x":480},{"frameHeight":50,"y":1,"frameWidth":105,"frameX":-1,"width":102,"frameY":-1,"height":48,"name":"2","x":213},{"width":94,"y":51,"height":28,"name":"4","x":384},{"frameHeight":49,"y":51,"frameWidth":84,"frameX":0,"width":83,"frameY":-1,"height":48,"name":"50003","x":213},{"frameHeight":49,"y":51,"frameWidth":84,"frameX":0,"width":84,"frameY":-1,"height":47,"name":"50004","x":298},{"frameHeight":49,"y":1,"frameWidth":84,"frameX":0,"width":83,"frameY":-1,"height":48,"name":"50002","x":402},{"frameHeight":49,"y":1,"frameWidth":84,"frameX":0,"width":83,"frameY":-1,"height":48,"name":"50001","x":317}],"width":507,"imagePath":"xuerenguaiby_tex.png","name":"xuerenguaiby","height":253}