{"SubTexture":[{"width":270,"y":306,"height":180,"name":"1","x":350},{"frameHeight":400,"y":853,"frameWidth":400,"frameX":-35,"width":344,"frameY":-58,"height":160,"name":"10007","x":350},{"frameHeight":400,"y":606,"frameWidth":400,"frameX":-29,"width":331,"frameY":-68,"height":284,"name":"10003","x":1},{"frameHeight":400,"y":1,"frameWidth":400,"frameX":-26,"width":350,"frameY":-60,"height":303,"name":"10004","x":361},{"frameHeight":400,"y":1,"frameWidth":400,"frameX":-25,"width":358,"frameY":-61,"height":301,"name":"10005","x":1},{"frameHeight":400,"y":306,"frameWidth":400,"frameX":-101,"width":194,"frameY":-132,"height":203,"name":"10001","x":622},{"frameHeight":400,"y":304,"frameWidth":400,"frameX":-33,"width":347,"frameY":-59,"height":300,"name":"10006","x":1},{"frameHeight":400,"y":606,"frameWidth":400,"frameX":-57,"width":293,"frameY":-93,"height":245,"name":"10002","x":334}],"width":818,"imagePath":"zhizhuxia_tex.png","name":"zhizhuxia","height":1015}