{"SubTexture":[{"width":160,"y":1,"height":210,"name":"1","x":1},{"width":17,"y":213,"height":34,"name":"30003","x":148},{"frameHeight":34,"y":213,"frameWidth":17,"frameX":-2,"width":13,"frameY":-11,"height":11,"name":"30002","x":227},{"frameHeight":34,"y":213,"frameWidth":17,"frameX":-2,"width":13,"frameY":-6,"height":21,"name":"30001","x":212},{"frameHeight":50,"y":213,"frameWidth":70,"frameX":-9,"width":47,"frameY":-13,"height":30,"name":"20003","x":1},{"frameHeight":50,"y":213,"frameWidth":70,"frameX":-9,"width":47,"frameY":-13,"height":30,"name":"20004","x":50},{"frameHeight":50,"y":213,"frameWidth":70,"frameX":-9,"width":47,"frameY":-13,"height":30,"name":"20002","x":99},{"frameHeight":50,"y":1,"frameWidth":70,"frameX":-1,"width":68,"frameY":-1,"height":43,"name":"20001","x":163},{"frameHeight":50,"y":213,"frameWidth":70,"frameX":-14,"width":43,"frameY":-19,"height":12,"name":"200050003","x":167}],"width":242,"imagePath":"zhuanshiguaiby_tex.png","name":"zhuanshiguaiby","height":249}