{"SubTexture":[{"width":190,"y":1,"height":245,"name":"1","x":1},{"frameHeight":48,"y":73,"frameWidth":70,"frameX":-28,"width":20,"frameY":-15,"height":21,"name":"30004","x":233},{"frameHeight":48,"y":43,"frameWidth":70,"frameX":-18,"width":38,"frameY":-23,"height":6,"name":"30001","x":303},{"frameHeight":48,"y":73,"frameWidth":70,"frameX":-18,"width":38,"frameY":-23,"height":12,"name":"30002","x":193},{"frameHeight":48,"y":1,"frameWidth":70,"frameX":-20,"width":36,"frameY":0,"height":48,"name":"30005","x":265},{"frameHeight":48,"y":29,"frameWidth":70,"frameX":-17,"width":41,"frameY":-18,"height":12,"name":"30003","x":303},{"frameHeight":44,"y":51,"frameWidth":70,"frameX":0,"width":64,"frameY":-17,"height":26,"name":"20002","x":259},{"frameHeight":44,"y":1,"frameWidth":70,"frameX":0,"width":64,"frameY":-17,"height":26,"name":"20004","x":303},{"frameHeight":44,"y":1,"frameWidth":70,"frameX":0,"width":70,"frameY":-1,"height":42,"name":"20001","x":193},{"frameHeight":44,"y":45,"frameWidth":70,"frameX":0,"width":64,"frameY":-17,"height":26,"name":"20003","x":193}],"width":369,"imagePath":"zhuanshiwang_tex.png","name":"zhuanshiwang","height":248}